CoC Number,CoC Name,Total Homeless,Sheltered Homeless,Unsheltered Homeless,Chronically Homeless,Homeless Veterans,Homeless Individuals,Homeless People in Families,Homeless Unaccompanied Youth (Under 25)
MA-599,"MA-510, MA-516 & MA-518 Shared Jurisdiction",NaN,NaN,NaN,NaN,NaN,NaN,NaN,NA
No CoC,No CoC,NaN,NaN,NaN,NaN,NaN,NaN,NaN,NA
NY-600,New York City CoC,76501,72565,3936,5755,535,31124,45377,2003
CA-600,Los Angeles City & County CoC,55188,13972,41216,16576,4476,47082,8106,5163
WA-500,Seattle/King County CoC,11643,6158,5485,2773,1329,8810,2833,1498
CA-601,San Diego City and County CoC,9160,3539,5621,2176,1067,7571,1589,1160
DC-500,District of Columbia CoC,7473,6576,897,1881,285,3583,3890,228
CA-500,San Jose/Santa Clara City & County CoC,7394,1946,5448,2097,660,6319,1075,2530
TX-607,Texas Balance of State (BoS) CoC,7153,3583,3570,879,674,4808,2345,417
CA-501,San Francisco CoC,6858,2505,4353,2138,684,6257,601,1274
NV-500,Las Vegas/Clark County CoC,6490,2137,4353,446,691,6190,300,2052
MA-500,Boston CoC,6135,5949,186,769,233,2492,3643,190
OR-505,Oregon Balance of State CoC,5795,2026,3769,737,379,3902,1893,847
PA-500,Philadelphia CoC,5693,4737,956,898,244,3341,2352,297
IL-510,Chicago CoC,5657,4096,1561,863,528,3724,1933,277
CA-502,Oakland/Alameda County CoC,5629,1766,3863,1707,531,4918,711,991
AZ-502,Phoenix/Mesa/Maricopa County Regional CoC,5605,3546,2059,939,489,3805,1800,320
CO-503,Metropolitan Denver Homeless Initiative,5506,4612,894,1083,548,4031,1475,436
HI-501,Honolulu CoC,4959,2635,2324,1159,449,3112,1847,210
CA-602,Santa Ana/Anaheim/Orange County CoC,4792,2208,2584,893,405,3527,1265,128
WA-501,Washington Balance of State CoC,4671,3061,1610,972,383,2875,1796,314
OR-501,Portland-Gresham-Multnomah County CoC,4177,2509,1668,1290,445,3520,657,304
CO-500,Colorado Balance of State CoC,4019,1511,2508,807,332,2568,1451,240
NY-603,"Nassau, Suffolk Counties/Babylon/Islip/ Huntington CoC",3937,3873,64,141,141,994,2943,118
TX-600,Dallas City & County/Irving CoC,3789,2702,1087,542,358,2990,799,237
FL-600,Miami/Dade County CoC,3721,2710,1011,309,167,2546,1175,141
GA-501,Georgia Balance of State CoC,3716,1843,1873,242,157,2219,1497,177
CA-503,Sacramento City & County CoC,3665,1613,2052,1126,469,3076,589,205
IN-502,Indiana Balance of State CoC,3655,3212,443,330,287,2340,1315,221
TX-700,"Houston, Pasadena, Conroe/Harris, Ft. Bend, Montgomery, Counties CoC",3605,2477,1128,539,405,2670,935,183
GA-500,Atlanta Continuum of Care,3572,2891,681,346,386,3089,483,199
CA-506,"Salinas/Monterey, San Benito Counties CoC",3364,850,2514,902,123,2719,645,627
WI-500,Wisconsin Balance of State CoC,3348,3211,137,232,180,1499,1849,142
OH-507,Ohio Balance of State CoC,3309,2686,623,180,160,1779,1530,201
MN-500,Minneapolis/Hennepin County CoC,3057,2759,298,342,110,1395,1662,243
NC-503,North Carolina Balance of State CoC,3054,2102,952,382,176,1911,1143,134
CA-504,Santa Rosa/Petaluma/Sonoma County CoC,2835,988,1847,598,211,2509,326,532
FL-502,St. Petersburg/Clearwater/Largo/Pinellas County CoC,2831,1679,1152,690,329,2466,365,118
TX-500,San Antonio/Bexar County CoC,2743,1641,1102,651,228,1899,844,127
MD-501,Baltimore City CoC,2669,2123,546,699,276,2178,491,81
CT-505,Connecticut Balance of State CoC,2610,2276,334,368,143,1778,832,123
FL-519,Pasco County CoC,2593,178,2415,847,220,838,1755,329
FL-601,Ft Lauderdale/Broward County CoC,2450,1493,957,581,197,2037,413,154
CA-608,Riverside City & County CoC,2406,768,1638,418,148,2172,234,257
TN-504,Nashville/Davidson County CoC,2337,1698,639,617,223,1990,347,114
MA-504,Springfield/Hampden County CoC,2311,2258,53,132,14,370,1941,35
ME-500,Maine Balance of State CoC,2280,2100,180,201,131,1352,928,178
HI-500,Hawaii Balance of State CoC,2261,785,1476,641,166,1423,838,109
CA-508,Watsonville/Santa Cruz City & County CoC,2249,450,1799,600,236,1846,403,586
PA-509,Eastern Pennsylvania CoC,2170,1765,405,156,82,1209,961,142
MA-516,Massachusetts Balance of State CoC,2080,1911,169,144,19,516,1564,33
MI-501,Detroit CoC,2078,1858,220,249,337,1543,535,134
FL-507,"Orlando/Orange, Osceola, Seminole Counties CoC",2074,1734,340,194,218,1342,732,95
NJ-504,Newark/Essex County CoC,2048,1620,428,181,52,1253,795,140
UT-500,Salt Lake City & County CoC,2047,1886,161,143,177,1348,699,110
TX-503,Austin/Travis County CoC,2036,1202,834,553,169,1460,576,98
CA-514,Fresno/Madera County CoC,2016,487,1529,692,211,1742,274,101
TX-601,Fort Worth/Arlington/Tarrant County CoC,1941,1551,390,234,186,1344,597,87
KY-500,Kentucky Balance of State CoC,1940,1415,525,164,161,1326,614,135
PR-502,Puerto Rico Balance of Commonwealth CoC,1883,682,1201,655,46,1678,205,65
FL-510,"Jacksonville-Duval, Clay Counties CoC",1869,1437,432,319,125,1444,425,126
CA-609,San Bernardino City & County CoC,1866,687,1179,441,161,1432,434,166
CA-606,Long Beach CoC,1863,655,1208,694,318,1646,217,64
CA-603,Santa Maria/Santa Barbara County CoC,1860,967,893,226,100,1422,438,145
NY-604,Yonkers/Mount Vernon/New Rochelle/Westchester CoC,1832,1785,47,149,121,669,1163,68
IA-501,Iowa Balance of State CoC,1792,1742,50,107,81,807,985,95
IN-503,Indianapolis CoC,1783,1657,126,207,328,1283,500,73
AZ-500,Arizona Balance of State CoC,1768,1046,722,388,238,1434,334,125
FL-509,"Fort Pierce/St. Lucie, Indian River, Martin Counties CoC",1732,183,1549,57,72,750,982,103
OH-502,Cleveland/Cuyahoga County CoC,1727,1630,97,120,172,1360,367,81
OH-503,Columbus/Franklin County CoC,1691,1351,340,229,140,1242,449,144
MO-604,"Kansas City, Independence, Lee's Summit/Jackson, Wyandotte Counties CoC",1671,1442,229,330,170,1127,544,124
CA-510,Turlock/Modesto/Stanislaus County CoC,1661,840,821,178,100,1256,405,103
PR-503,South-Southeast Puerto Rico CoC,1642,331,1311,423,48,1463,179,70
CA-505,Richmond/Contra Costa County CoC,1607,696,911,331,99,1352,255,61
FL-605,West Palm Beach/Palm Beach County CoC,1607,526,1081,252,65,1281,326,99
AZ-501,Tucson/Pima County CoC,1574,1189,385,225,243,1249,325,133
FL-501,Tampa/Hillsborough County CoC,1549,982,567,235,172,1070,479,43
CA-511,Stockton/San Joaquin County CoC,1542,975,567,254,109,1016,526,67
MT-500,Montana Statewide CoC,1529,985,544,198,205,987,542,106
OR-500,Eugene/Springfield/Lane County CoC,1529,526,1003,640,164,1260,269,116
MA-506,Worcester City & County CoC,1507,1371,136,89,161,584,923,59
NC-505,Charlotte/Mecklenberg CoC,1476,1261,215,147,137,1016,460,71
MI-500,Michigan Balance of State CoC,1465,1226,239,55,62,784,681,135
FL-500,"Sarasota/Bradenton/Manatee, Sarasota Counties CoC",1447,785,662,285,149,1202,245,85
MN-501,Saint Paul/Ramsey County CoC,1438,1272,166,269,69,905,533,144
TN-501,Memphis/Shelby County CoC,1426,1347,79,66,213,915,511,31
CO-504,Colorado Springs/El Paso County CoC,1415,958,457,374,198,972,443,87
NE-501,Omaha/Council Bluffs CoC,1389,1332,57,290,104,1037,352,68
OK-502,Oklahoma City CoC,1368,1100,268,254,147,1009,359,64
MO-501,St.Louis City CoC,1336,1194,142,151,169,821,515,77
WA-503,Tacoma/Lakewood/Pierce County CoC,1321,817,504,337,136,879,442,87
NM-500,Albuquerque CoC,1318,934,384,379,163,1104,214,107
SC-501,Greenville/Anderson/Spartanburg Upstate CoC,1317,932,385,230,73,898,419,53
LA-503,New Orleans/Jefferson Parish CoC,1301,776,525,404,113,1158,143,118
CA-512,Daly/San Mateo County CoC,1253,616,637,234,105,822,431,30
MO-606,Missouri Balance of State CoC,1244,952,292,245,98,751,493,76
CA-509,Mendocino County CoC,1238,160,1078,97,24,1179,59,42
CA-518,Vallejo/Solano County CoC,1232,315,917,434,156,1070,162,210
ID-501,Idaho Balance of State,1204,676,528,109,104,638,566,60
SC-502,Columbia/Midlands CoC,1200,893,307,295,153,939,261,61
CA-519,Chico/Paradise/Butte County CoC,1195,450,745,531,110,997,198,68
TX-603,El Paso City & County CoC,1193,1016,177,96,90,691,502,75
RI-500,Rhode Island Statewide CoC,1180,1111,69,240,95,802,378,49
NM-501,New Mexico Balance of State CoC,1164,752,412,435,85,761,403,74
OH-500,Cincinnati/Hamilton County CoC,1162,1088,74,90,192,889,273,90
CA-613,Imperial County CoC,1154,128,1026,105,21,1034,120,24
CA-611,Oxnard/San Buenaventura/Ventura County CoC,1152,488,664,385,80,969,183,58
PA-600,Pittsburgh/McKeesport/Penn Hills/Allegheny County CoC,1145,1092,53,131,102,756,389,77
AK-500,Anchorage CoC,1128,973,155,116,69,848,280,115
CA-614,San Luis Obispo County CoC,1125,303,822,282,84,977,148,196
CA-507,Marin County CoC,1117,409,708,359,94,917,200,127
MA-511,Quincy/Brockton/Weymouth/Plymouth City and County CoC,1109,1059,50,143,45,359,750,15
NV-501,Reno/Sparks/Washoe County CoC,1106,1026,80,38,125,911,195,98
TN-507,Jackson/West Tennessee CoC,1103,134,969,212,36,707,396,75
AL-500,"Birmingham/Jefferson, St. Clair, Shelby Counties CoC",1092,875,217,92,40,932,160,125
WA-502,Spokane City & County CoC,1090,952,138,325,118,791,299,71
ND-500,North Dakota Statewide CoC,1089,758,331,45,74,832,257,80
OK-501,Tulsa City & County/Broken Arrow CoC,1074,900,174,137,106,819,255,107
FL-506,Tallahassee/Leon County CoC,1072,950,122,117,110,810,262,83
WA-504,Everett/Snohomish County CoC,1066,551,515,387,65,785,281,117
KY-502,Lexington/Fayette County CoC,1051,1000,51,118,162,937,114,65
KS-507,Kansas Balance of State CoC,1037,895,142,135,74,608,429,50
KY-501,Louisville/Jefferson County CoC,1034,883,151,123,166,769,265,53
AR-500,Little Rock/Central Arkansas CoC,1006,456,550,226,121,892,114,75
DE-500,Delaware Statewide CoC,994,936,58,127,91,615,379,45
CA-515,"Roseville/Rocklin/Placer, Nevada Counties CoC",979,521,458,232,44,772,207,66
SC-503,Myrtle Beach/Sumter City & County CoC,974,369,605,191,127,666,308,47
VA-601,Fairfax County CoC,964,856,108,150,34,492,472,49
SD-500,South Dakota Statewide CoC,943,772,171,144,130,611,332,66
NJ-503,"Camden City/Camden, Cumberland, Gloucester, Cape May Counties CoC",938,811,127,85,146,629,309,37
CA-516,"Redding/Shasta, Siskiyou, Lassen, Plumas, Del Norte, Modoc, Sierra Counties CoC",934,530,404,341,103,721,213,68
VT-500,Vermont Balance of State CoC,934,828,106,83,69,500,434,69
GA-507,Savannah/Chatham County CoC,926,563,363,234,38,751,175,87
NY-508,"Buffalo, Niagara Falls/Erie, Niagara, Orleans, Genesee, Wyoming Counties CoC",925,907,18,24,91,595,330,70
MI-506,Grand Rapids/Wyoming/Kent County CoC,912,851,61,108,92,614,298,62
WI-501,Milwaukee City & County CoC,900,765,135,98,74,687,213,90
MD-601,Montgomery County CoC,894,763,131,163,14,616,278,32
NC-507,Raleigh/Wake County CoC,884,696,188,91,68,587,297,45
WY-500,Wyoming Statewide CoC,873,510,363,68,63,622,251,62
MN-505,St. Cloud/Central Minnesota CoC,862,633,229,17,33,452,410,147
CA-513,"Visalia, Kings, Tulare Counties CoC",853,354,499,251,45,732,121,56
GU-500,Guam CoC,852,87,765,64,24,215,637,1
FL-513,Palm Bay/Melbourne/Brevard County CoC,845,592,253,167,210,583,262,55
PA-601,Western Pennsylvania CoC,837,774,63,29,94,531,306,49
ID-500,Boise/Ada County CoC,833,722,111,327,124,671,162,53
AR-503,Arkansas Balance of State CoC,822,387,435,107,32,738,84,99
NJ-506,Jersey City/Bayonne/Hudson County CoC,822,638,184,174,27,668,154,37
FL-508,"Gainesville/Alachua, Putnam Counties CoC",819,373,446,291,126,699,120,49
NY-500,Rochester/Irondequoit/Greece/Monroe County CoC,817,752,65,184,63,510,307,112
TN-502,Knoxville/Knox County CoC,812,678,134,77,87,701,111,72
CA-604,Bakersfield/Kern County CoC,810,541,269,289,90,623,187,53
NY-503,Albany City & County CoC,802,777,25,82,86,515,287,42
NY-505,"Syracuse, Auburn/Onondaga, Oswego, Cayuga Counties CoC",798,770,28,43,49,581,217,79
IL-511,Cook County CoC,780,688,92,107,53,508,272,43
CT-503,Bridgeport/Norwalk /Stamford/Fairfield County CoC,778,696,82,52,48,430,348,47
OR-503,Central Oregon CoC,778,230,548,246,83,494,284,68
NH-500,New Hampshire Balance of State CoC,767,657,110,106,37,424,343,40
AL-507,Alabama Balance of State CoC,764,416,348,6,15,591,173,39
CA-524,Yuba City & County/Sutter County CoC,760,287,473,150,47,557,203,32
CA-522,Humboldt County CoC,759,325,434,310,91,667,92,82
FL-511,Pensacola/Escambia/Santa Rosa County CoC,758,501,257,135,117,619,139,43
FL-504,"Daytona Beach/Daytona/Volusia, Flagler Counties CoC",753,305,448,88,52,555,198,37
TN-512,"Morristown/Blount, Sevier, Campbell, Cocke Counties CoC",752,368,384,104,10,423,329,65
WA-508,Vancouver/Clark County CoC,749,480,269,86,30,354,395,28
MA-510,"Gloucester, Haverhill, Salem/Essex County CoC",747,700,47,195,30,228,519,20
FL-514,Ocala/Marion County CoC,725,290,435,147,72,599,126,54
VA-521,Virginia Balance of State (BoS) CoC,722,563,159,39,35,423,299,30
AK-501,Alaska Balance of State CoC,717,578,139,141,55,506,211,47
VA-501,"Norfolk/Chesapeake/Suffolk/Isle of Wright, Southampton Counties CoC",703,634,69,82,86,572,131,38
MS-501,Mississippi Balance of State CoC,697,451,246,33,51,465,232,30
IA-502,Des Moines/Polk County CoC,676,624,52,75,78,534,142,39
MP-500,Northern Mariana Islands CoC,672,24,648,0,0,208,464,0
WV-508,West Virginia Balance of State CoC,667,567,100,109,82,535,132,40
VA-500,"Richmond/Henrico, Chesterfield, Hanover Counties CoC",662,509,153,76,94,573,89,38
MA-508,Lowell CoC,658,646,12,6,32,182,476,14
FL-520,"Citrus, Hernando, Lake, Sumter Counties CoC",635,282,353,40,57,444,191,26
UT-503,Utah Balance of State CoC,634,558,76,34,40,416,218,57
OR-502,Medford/Ashland/Jackson County CoC,633,369,264,170,95,525,108,62
FL-604,Monroe County CoC,631,339,292,83,87,581,50,26
FL-606,Naples/Collier County CoC,621,434,187,90,9,502,119,117
OH-505,Dayton/Kettering/Montgomery County CoC,619,566,53,30,60,459,160,82
FL-517,"Hendry, Hardee, Highlands Counties CoC",609,91,518,283,16,377,232,62
MD-505,Baltimore County CoC,609,389,220,144,32,397,212,24
AL-501,Mobile City & County/Baldwin County CoC,606,341,265,65,76,426,180,18
NE-502,Lincoln CoC,606,557,49,75,53,385,221,42
NJ-502,Burlington County CoC,604,560,44,109,17,330,274,33
CA-525,El Dorado County CoC,602,106,496,241,97,446,156,30
LA-509,Louisiana Balance of State CoC,590,465,125,67,70,501,89,62
WI-503,Madison/Dane County CoC,585,524,61,87,41,320,265,30
MA-502,Lynn CoC,582,531,51,57,0,151,431,2
MO-503,"St. Charles, Lincoln, Warren Counties CoC",578,351,227,36,11,306,272,81
PA-505,Chester County CoC,578,554,24,12,224,387,191,10
TN-500,Chattanooga/Southeast Tennessee CoC,576,359,217,192,54,452,124,17
CA-607,Pasadena CoC,575,228,347,202,30,465,110,36
KS-502,Wichita/Sedgwick County CoC,575,464,111,39,57,395,180,22
NC-504,Greensboro/High Point CoC,573,469,104,30,60,422,151,42
WA-507,Yakima City & County CoC,572,502,70,59,32,287,285,20
NC-501,Asheville/Buncombe County CoC,562,457,105,83,239,505,57,30
MA-507,"Pittsfield/Berkshire, Franklin, Hampshire County CoC",557,502,55,79,213,420,137,28
MN-502,Rochester/Southeast Minnesota CoC,552,495,57,38,10,262,290,133
NJ-507,New Brunswick/Middlesex County CoC,546,421,125,69,19,318,228,22
MN-503,"Dakota, Anoka, Washington, Scott, Carver Counties",544,434,110,74,22,258,286,48
OR-506,Hillsboro/Beaverton/Washington County CoC,544,175,369,150,58,348,196,45
PA-506,Reading/Berks County CoC,534,521,13,2,38,366,168,29
TX-611,Amarillo CoC,531,419,112,112,61,475,56,39
MA-509,Cambridge CoC,530,463,67,181,13,395,135,30
MD-600,Prince George`s County/Maryland CoC,525,437,88,35,21,193,332,20
FL-503,Lakeland/Winter Haven/Polk County CoC,512,363,149,77,35,342,170,24
VA-505,Newport News/Hampton/Virginia Peninsula CoC,512,432,80,75,68,352,160,18
MS-500,"Jackson/Rankin, Madison Counties CoC",511,231,280,20,0,450,61,20
PA-511,Bristol/Bensalem/Bucks County CoC,511,462,49,27,12,198,313,27
OH-506,Akron/Barberton/Summit County CoC,507,429,78,56,62,392,115,37
NE-500,Nebraska Balance of State CoC,506,492,14,10,17,276,230,54
MN-509,Duluth/St.Louis County CoC,505,312,193,138,21,314,191,74
FL-518,"Columbia, Hamilton, Lafayette, Suwannee Counties CoC",502,99,403,38,43,372,130,44
OH-501,Toledo/Lucas County CoC,499,483,16,38,51,257,242,22
OR-507,Clackamas County CoC,497,151,346,154,27,385,112,20
NJ-515,Elizabeth/Union County CoC,480,425,55,43,3,205,275,16
MI-507,Portage/Kalamazoo City & County CoC,479,451,28,26,18,244,235,33
NJ-514,Trenton/Mercer County CoC,478,394,84,69,20,356,122,37
NC-516,Northwest North Carolina CoC,466,119,347,13,5,199,267,23
MO-500,St. Louis County CoC,462,418,44,73,18,254,208,155
GA-508,DeKalb County CoC,460,275,185,47,21,266,194,19
PA-501,Harrisburg/Dauphin County CoC,460,390,70,45,39,309,151,9
CA-521,Davis/Woodland/Yolo County CoC,459,250,209,174,28,318,141,18
MO-600,"Springfield/Greene, Christian, Webster Counties CoC",455,255,200,190,34,335,120,38
CA-520,Merced City & County CoC,454,156,298,120,17,447,7,23
NC-500,Winston Salem/Forsyth County CoC,453,428,25,60,60,351,102,17
PA-502,Upper Darby/Chester/Haverford/Delaware County CoC,453,413,40,26,11,251,202,19
TN-509,Appalachian Regional CoC,450,305,145,73,43,342,108,11
NJ-511,Paterson/Passaic County CoC,449,360,89,58,12,249,200,25
FL-512,Saint Johns County CoC,445,179,266,42,40,295,150,16
NC-511,Fayetteville/Cumberland County CoC,442,189,253,136,41,279,163,6
AL-503,Huntsville/North Alabama CoC,436,337,99,64,27,327,109,30
IL-520,Southern Illinois CoC,435,298,137,85,19,247,188,136
MI-508,Lansing/East Lansing/Ingham County CoC,435,390,45,45,27,271,164,18
IL-512,Bloomington/Central Illinois CoC,433,392,41,52,21,253,180,53
OK-503,Oklahoma Balance of State CoC,432,139,293,36,1,151,281,44
FL-603,Ft Myers/Cape Coral/Lee County CoC,431,244,187,65,13,317,114,23
SC-500,Charleston/Low Country CoC,425,221,204,108,127,393,32,12
NJ-500,Atlantic City & County CoC,422,313,109,104,56,382,40,32
MI-505,Flint/Genesee County CoC,420,295,125,42,27,255,165,27
MD-508,"Charles, Calvert, St.Mary's Counties CoC",419,187,232,79,22,238,181,26
MI-504,Pontiac/Royal Oak/Oakland County CoC,412,365,47,45,18,281,131,38
NY-608,Kingston/Ulster County CoC,411,377,34,14,8,167,244,31
GA-506,Marietta/Cobb County CoC,403,285,118,53,21,236,167,9
CA-529,Lake County CoC,401,28,373,178,23,294,107,16
FL-505,"Fort Walton Beach/Okaloosa, Walton Counties CoC",401,130,271,112,27,247,154,17
VA-604,Prince William County CoC,400,284,116,76,22,197,203,17
NH-501,Manchester CoC,394,342,52,18,33,192,202,21
MI-510,Saginaw City & County CoC,388,373,15,22,15,188,200,28
NY-601,Poughkeepsie/Dutchess County CoC,388,379,9,6,8,207,181,30
VI-500,Virgin Islands CoC,381,74,307,334,23,369,12,5
NJ-509,Morris County CoC,378,351,27,71,11,223,155,17
AL-504,Montgomery City & County CoC,377,314,63,45,55,284,93,23
OK-505,Northeast Oklahoma CoC,377,325,52,41,19,209,168,50
MD-503,Annapolis/Anne Arundel County CoC,376,263,113,91,21,261,115,14
PA-605,Erie City & County CoC,369,361,8,29,29,264,105,30
CA-526,"Amador, Calaveras, Tuolumne and Mariposa Counties CoC",367,103,264,71,20,259,108,25
IL-517,Aurora/Elgin/Kane County CoC,360,335,25,63,21,266,94,14
LA-500,Lafayette/Acadiana CoC,357,261,96,49,36,226,131,4
KS-503,Topeka/Shawnee County CoC,356,322,34,119,61,247,109,5
MI-503,St. Clair Shores/Warren/Macomb County CoC,354,290,64,31,56,276,78,15
NC-502,Durham City & County CoC,354,294,60,50,72,254,100,22
MA-505,New Bedford CoC,352,303,49,30,46,174,178,10
OK-507,Southeastern Oklahoma Regional CoC,351,206,145,75,40,249,102,52
NY-602,Newburgh/Middletown/Orange County CoC,350,320,30,17,2,186,164,25
LA-502,Shreveport/Bossier/Northwest CoC,349,302,47,31,83,246,103,14
VA-503,Virginia Beach CoC,349,271,78,62,38,238,111,34
NY-513,"Wayne, Ontario, Seneca, Yates Counties CoC",337,326,11,29,31,254,83,30
FL-515,"Panama City/Bay, Jackson Counties CoC",336,143,193,38,34,285,51,43
IL-514,DuPage County CoC,331,316,15,36,8,205,126,48
AR-501,Fayetteville/Northwest Arkansas CoC,330,235,95,66,46,235,95,12
IL-507,"Peoria/Perkin/Fulton, Peoria, Tazewell, Woodford CoC",329,293,36,73,32,240,89,23
MA-503,Cape Cod/Islands CoC,324,285,39,47,20,145,179,12
NC-506,"Wilmington/Brunswick, New Hanover, Pender Counties CoC",322,235,87,44,48,256,66,16
PA-510,Lancaster City & County CoC,321,295,26,6,23,180,141,17
GA-505,Columbus-Muscogee/Russell County CoC,319,246,73,21,17,245,74,13
OH-508,Canton/Massillon/Alliance/Stark County CoC,319,297,22,13,10,147,172,16
WV-503,"Charleston/Kanawha, Putnam, Boone, Clay Counties CoC",319,270,49,65,34,272,47,28
TN-510,Murfreesboro/Rutherford County CoC,316,227,89,73,21,249,67,14
CA-517,Napa City & County CoC,315,199,116,134,17,233,82,23
PA-504,Lower Marion/Norristown/Abington/Montgomery County CoC,310,291,19,40,13,131,179,9
MD-509,Frederick City & County CoC,309,206,103,74,10,217,92,20
NY-511,"Binghamton, Union/Broome, Otsego, Chenango, Delaware, Cortland, Tioga Counties C",308,246,62,5,13,271,37,37
MI-509,Ann Arbor/Washtenaw County CoC,302,262,40,43,38,242,60,23
NJ-501,Bergen County CoC,302,297,5,3,16,182,120,32
IL-508,East Saint Louis/Belleville/Saint Clair County CoC,300,154,146,21,36,174,126,5
NJ-508,Monmouth County CoC,299,255,44,44,16,144,155,1
MA-515,Fall River CoC,297,278,19,7,1,62,235,1
NH-502,Nashua/Hillsborough County CoC,295,283,12,13,54,160,135,15
GA-502,Fulton County Continuum of Care,293,203,90,2,19,217,76,7
IL-501,"Rockford/Winnebago, Boone Counties CoC",291,259,32,31,23,178,113,13
VT-501,Burlington/Chittenden County CoC,291,263,28,44,25,197,94,25
IA-500,"Sioux City/Dakota, Woodbury Counties CoC",288,286,2,17,12,159,129,6
MN-506,Northwest Minnesota CoC,288,285,3,2,3,103,185,49
PA-512,York City & County CoC,288,243,45,12,9,134,154,16
NJ-516,"Warren, Sussex, Hunterdon Counties CoC",286,244,42,32,82,191,95,11
TN-503,Central Tennessee CoC,285,260,25,45,55,201,84,42
IL-506,Joliet/Bolingbrook/Will County CoC,282,251,31,24,18,185,97,13
VA-513,"Harrisburg, Winchester/Western Virginia CoC",280,261,19,44,10,195,85,6
NY-507,Schenectady City & County CoC,274,251,23,15,11,171,103,21
MO-602,"Joplin/Jasper, Newton Counties CoC",270,229,41,45,53,195,75,7
VA-502,Roanoke City & County/Salem CoC,267,250,17,48,32,197,70,18
MS-503,Gulf Port/Gulf Coast Regional CoC,264,71,193,19,6,185,79,9
OH-504,Youngstown/Mahoning County CoC,262,256,6,16,15,163,99,22
MD-513,Wicomico/Somerset/Worcester County CoC,260,218,42,41,32,212,48,9
MI-519,Holland/Ottawa County CoC,258,250,8,4,2,112,146,12
TN-506,Oak Ridge/Upper Cumberland CoC,252,168,84,25,15,157,95,16
NC-509,"Gastonia/Cleveland, Gaston, Lincoln Counties CoC",249,171,78,25,14,164,85,23
LA-506,Slidell/Southeast Louisiana CoC,248,159,89,26,48,191,57,13
NY-523,"Glens Falls/Saratoga Springs/Saratoga, Washington, Warren, Hamilton Counties CoC",247,239,8,12,28,175,72,23
GA-504,Augusta-Richmond County CoC,246,199,47,30,44,217,29,4
NJ-513,Somerset County CoC,244,239,5,3,100,176,68,29
IL-518,Rock Island/Moline/Northwestern Illinois CoC,243,234,9,0,24,132,111,33
GA-503,Athens/Clarke County CoC,239,146,93,53,9,182,57,11
NV-502,Nevada Balance of State CoC,237,92,145,28,16,180,57,16
MA-519,Attleboro/Taunton/Bristol County CoC,234,198,36,22,3,81,153,9
TX-624,"Wichita Falls/Wise, Palo Pinto, Wichita, Archer Counties CoC",234,213,21,65,10,170,64,35
VA-600,Arlington County CoC,232,199,33,63,10,149,83,3
OK-506,Southwest Oklahoma Regional CoC,231,169,62,0,25,150,81,23
IL-513,Springfield/Sangamon County CoC,230,219,11,29,16,171,59,8
IL-502,Waukegan/North Chicago/Lake County CoC,228,201,27,18,8,122,106,7
MI-512,"Grand Traverse, Antrim, Leelanau Counties CoC",228,188,40,37,18,167,61,15
MI-502,Dearborn/Dearborn Heights/Westland/Wayne County CoC,226,212,14,8,13,78,148,6
NY-501,"Elmira/Steuben, Allegany, Livingston, Chemung, Schuyler Counties CoC",226,189,37,6,9,120,106,11
NJ-510,Lakewood Township/Ocean County CoC,224,181,43,24,6,119,105,23
FL-602,Punta Gorda/Charlotte County CoC,222,89,133,33,55,165,57,7
TX-604,Waco/McLennan County CoC,221,162,59,26,19,125,96,12
VA-514,"Fredericksburg/Spotsylvania, Stafford Counties CoC",216,177,39,29,8,122,94,20
MN-508,Moorhead/West Central Minnesota CoC,215,212,3,18,8,104,111,15
VA-603,City of Alexandria CoC,211,193,18,43,6,121,90,5
MO-603,"St. Joseph/Andrew, Buchanan, DeKalb Counties CoC",210,192,18,62,9,118,92,7
MD-512,Hagerstown/Washington County CoC,208,187,21,48,40,164,44,7
WV-501,"Huntington/Cabell, Wayne Counties CoC",205,173,32,9,17,148,57,6
MI-514,Battle Creek/Calhoun County CoC,204,175,29,22,23,152,52,18
AL-506,Tuscaloosa City & County CoC,200,137,63,24,41,140,60,31
PA-508,Scranton/Lackawanna County CoC,197,183,14,13,26,98,99,9
NY-512,Troy/Rensselaer County CoC,194,175,19,18,8,102,92,22
WI-502,Racine City & County CoC,194,187,7,17,34,139,55,14
MD-507,Cecil County CoC,193,112,81,37,39,139,54,6
MI-515,Monroe City & County CoC,193,190,3,13,17,122,71,14
OK-500,North Central Oklahoma CoC,192,147,45,6,1,82,110,16
MD-502,Harford County CoC,189,152,37,20,8,102,87,8
LA-505,Monroe/Northeast Louisiana CoC,185,160,25,13,5,76,109,16
CA-523,"Colusa, Glenn, Trinity Counties CoC",176,43,133,34,12,118,58,7
IL-504,Madison County CoC,176,155,21,28,10,51,125,3
OK-504,Norman/Cleveland County CoC,174,98,76,111,10,155,19,7
PA-503,Wilkes-Barre/Hazleton/Luzerne County CoC,174,171,3,0,15,82,92,15
UT-504,Provo/Mountainland CoC,171,130,41,8,3,118,53,13
NY-606,Rockland County CoC,170,112,58,28,2,135,35,5
NY-522,Jefferson/Lewis/St. Lawrence Counties CoC,169,134,35,12,12,129,40,16
AR-508,Old Fort Homeless Coalition,168,80,88,71,37,131,37,7
CA-612,Glendale CoC,168,111,57,67,4,72,96,1
MD-504,Howard County CoC,168,115,53,23,6,93,75,3
NY-607,Sullivan County CoC,167,165,2,0,9,114,53,17
AL-505,Gadsden/Northeast Alabama CoC,163,103,60,43,4,130,33,20
NY-518,"Utica/Rome/Oneida, Madison Counties CoC",162,146,16,8,0,86,76,12
IL-503,Champaign/Urbana/Rantoul/Champaign County CoC,160,143,17,11,6,100,60,16
VA-504,Charlottesville CoC,160,137,23,55,9,119,41,8
LA-507,Alexandria/Central Louisiana CoC,159,98,61,20,16,127,32,2
AL-502,Florence/Northwest Alabama CoC,155,133,22,24,11,155,0,8
IL-500,McHenry County CoC,155,150,5,5,24,87,68,15
MD-511,Mid-Shore Regional CoC,153,136,17,24,6,81,72,8
VA-507,Portsmouth CoC,151,96,55,12,11,115,36,2
MD-506,Carroll County CoC,147,125,22,20,8,106,41,8
NY-519,Columbia/Greene County CoC,144,141,3,15,4,72,72,11
MA-517,Somerville CoC,142,120,22,13,23,108,34,11
MI-517,Jackson City & County CoC,140,126,14,2,1,52,88,5
MI-516,Norton Shores/Muskegon City & County CoC,135,125,10,2,5,87,48,4
IL-516,Decatur/Macon County CoC,130,114,16,23,11,107,23,5
KS-505,Overland Park/Shawnee/Johnson County CoC,130,113,17,3,1,34,96,9
MI-511,Lenawee County CoC,128,128,0,15,2,59,69,5
NC-513,Chapel Hill/Orange County CoC,127,90,37,14,11,100,27,5
NY-516,Clinton County CoC,126,125,1,8,4,73,53,2
VA-508,Lynchburg CoC,125,100,25,27,9,92,33,7
CA-527,Tehama County CoC,124,68,56,61,9,103,21,2
CA-530,"Alpine, Inyo, Mono Counties CoC",121,5,116,31,13,102,19,5
MD-500,Cumberland/Allegany County CoC,118,88,30,19,1,76,42,4
WV-500,Wheeling/Weirton Area CoC,118,111,7,23,4,77,41,5
LA-508,Houma-Terrebonne/Thibodaux CoC,116,109,7,8,12,34,82,7
VA-602,Loudoun County CoC,113,97,16,15,6,71,42,10
IL-515,South Central Illinois CoC,108,76,32,5,3,44,64,6
MN-511,Southwest Minnesota CoC,108,100,8,0,2,43,65,20
MI-523,Eaton County CoC,107,101,6,0,0,11,96,1
MI-518,Livingston County CoC,103,91,12,1,1,56,47,11
TX-701,Bryan/College Station/Brazos Valley CoC,102,89,13,14,0,76,26,8
MN-504,Northeast Minnesota CoC,99,58,41,8,3,63,36,16
PA-603,Beaver County CoC,98,88,10,12,2,34,64,1
IL-509,Dekalb City & County CoC,90,87,3,0,2,51,39,3
AR-505,Southeast Arkansas,88,88,0,0,2,49,39,13
MI-513,"Marquette, Alger Counties CoC",84,81,3,4,1,34,50,4
NY-514,Jamestown/Dunkirk/Chautauqua County CoC,83,80,3,0,1,41,42,19
IL-519,West Central Illinois CoC,80,80,0,1,1,49,31,9
NY-510,Ithaca/Tompkins County CoC,73,53,20,5,1,54,19,15
AR-512,"Boone, Baxter, Marion, Newton Counties CoC",53,27,26,3,1,23,30,2
NY-504,Cattaragus County CoC,34,34,0,1,2,24,10,7
NY-520,Franklin County CoC,28,27,1,1,5,21,7,3
NJ-512,Salem County CoC,16,13,3,0,0,8,8,0
MD-510,Garrett County CoC,10,10,0,3,0,4,6,2
